{"Mean":{"confidence_interval":{"confidence_level":0.95,"lower_bound":-0.970386445553024,"upper_bound":-0.9608404642316299},"point_estimate":-0.9656306876841597,"standard_error":0.0026235672870668107},"Median":{"confidence_interval":{"confidence_level":0.95,"lower_bound":-0.96740780748029,"upper_bound":-0.9636544836526286},"point_estimate":-0.9667901670031953,"standard_error":0.0010685280272848627}}