{"Mean":{"confidence_interval":{"confidence_level":0.95,"lower_bound":189578216.82098785,"upper_bound":195010252.41909012},"point_estimate":192041994.7647402,"standard_error":1396005.2483251037},"Median":{"confidence_interval":{"confidence_level":0.95,"lower_bound":188911147.85714287,"upper_bound":190675094.76923078},"point_estimate":189525715.0,"standard_error":541749.1405813566},"MedianAbsDev":{"confidence_interval":{"confidence_level":0.95,"lower_bound":727316.1965500563,"upper_bound":3751443.469798565},"point_estimate":1704070.4156082394,"standard_error":825667.6217595557},"Slope":{"confidence_interval":{"confidence_level":0.95,"lower_bound":191243494.62707263,"upper_bound":200248540.85417184},"point_estimate":196212120.61916375,"standard_error":2278840.027140173},"StdDev":{"confidence_interval":{"confidence_level":0.95,"lower_bound":2097150.892807309,"upper_bound":8174678.016257823},"point_estimate":6373350.008059035,"standard_error":1418565.8896986104}}