{"Mean":{"confidence_interval":{"confidence_level":0.95,"lower_bound":5772166.355267081,"upper_bound":8629875.355825484},"point_estimate":7065222.679484576,"standard_error":727800.8881488675},"Median":{"confidence_interval":{"confidence_level":0.95,"lower_bound":6277192.744047619,"upper_bound":6842302.233333333},"point_estimate":6466138.052083334,"standard_error":164788.9746536148},"MedianAbsDev":{"confidence_interval":{"confidence_level":0.95,"lower_bound":230534.07523345228,"upper_bound":1255056.502418119},"point_estimate":557701.0052200771,"standard_error":288899.01308897376},"Slope":{"confidence_interval":{"confidence_level":0.95,"lower_bound":6219494.899951665,"upper_bound":6707520.872817152},"point_estimate":6459838.171689896,"standard_error":123629.48441103844},"StdDev":{"confidence_interval":{"confidence_level":0.95,"lower_bound":913884.8011790604,"upper_bound":5022736.425604135},"point_estimate":3340934.7980647543,"standard_error":1082844.855389659}}