{"Mean":{"confidence_interval":{"confidence_level":0.95,"lower_bound":-0.9788084817663382,"upper_bound":-0.9687468708504512},"point_estimate":-0.974346782903502,"standard_error":0.0026814082564194618},"Median":{"confidence_interval":{"confidence_level":0.95,"lower_bound":-0.9772100843170833,"upper_bound":-0.975065702218355},"point_estimate":-0.976436496636699,"standard_error":0.0006009312416269353}}