{"Mean":{"confidence_interval":{"confidence_level":0.95,"lower_bound":5608621.948645871,"upper_bound":7558295.739121281},"point_estimate":6600351.295826317,"standard_error":494454.74220663635},"Median":{"confidence_interval":{"confidence_level":0.95,"lower_bound":6184750.920138889,"upper_bound":6894775.415204679},"point_estimate":6294117.34375,"standard_error":212777.19038087327},"MedianAbsDev":{"confidence_interval":{"confidence_level":0.95,"lower_bound":103985.4479388894,"upper_bound":2044417.3872793363},"point_estimate":689239.747835588,"standard_error":523059.9376725643},"Slope":{"confidence_interval":{"confidence_level":0.95,"lower_bound":6332878.077420507,"upper_bound":7381429.652542997},"point_estimate":6776181.694076655,"standard_error":268414.70469251287},"StdDev":{"confidence_interval":{"confidence_level":0.95,"lower_bound":997681.0774178149,"upper_bound":3209273.82927765},"point_estimate":2270545.233651242,"standard_error":564193.8562241974}}