{"Mean":{"confidence_interval":{"confidence_level":0.95,"lower_bound":273961959.60964954,"upper_bound":276972532.1067649},"point_estimate":275412734.89823073,"standard_error":770146.8106877982},"Median":{"confidence_interval":{"confidence_level":0.95,"lower_bound":273046077.7,"upper_bound":276991202.4093137},"point_estimate":274413271.7613636,"standard_error":1189134.1050271306},"MedianAbsDev":{"confidence_interval":{"confidence_level":0.95,"lower_bound":1558791.8159997421,"upper_bound":5747293.855965167},"point_estimate":3369713.511773346,"standard_error":1032943.9894972745},"Slope":{"confidence_interval":{"confidence_level":0.95,"lower_bound":273807036.0671476,"upper_bound":278947442.97763395},"point_estimate":276594464.8916376,"standard_error":1306628.5995871597},"StdDev":{"confidence_interval":{"confidence_level":0.95,"lower_bound":2370178.765250103,"upper_bound":4273785.800686688},"point_estimate":3534813.3130463883,"standard_error":483481.0161533678}}